company,cidr,,,,,,
Huawei,103.31.200.0/22,,,,,,
Huawei,117.78.0.0/20,,,,,,
Huawei,117.78.16.0/21,,,,,,
Huawei,117.78.24.0/21,,,,,,
Huawei,117.78.24.0/24,,,,,,
Huawei,117.78.25.0/24,,,,,,
Huawei,117.78.29.0/24,,,,,,
Huawei,117.78.30.0/24,,,,,,
Huawei,117.78.31.0/24,,,,,,
Huawei,117.78.32.0/19,,,,,,
Huawei,117.78.32.0/21,,,,,,
Huawei,117.78.40.0/22,,,,,,
Huawei,117.78.44.0/22,,,,,,
Huawei,117.78.48.0/21,,,,,,
Huawei,117.78.56.0/22,,,,,,
Huawei,117.78.60.0/22,,,,,,
Huawei,119.3.0.0/19,,,,,,
Huawei,119.3.112.0/21,,,,,,
Huawei,119.3.114.0/24,,,,,,
Huawei,119.3.120.0/21,,,,,,
Huawei,119.3.160.0/19,,,,,,
Huawei,119.3.192.0/19,,,,,,
Huawei,119.3.224.0/19,,,,,,
Huawei,119.3.32.0/19,,,,,,
Huawei,119.3.64.0/19,,,,,,
Huawei,119.3.96.0/20,,,,,,
Huawei,122.112.128.0/22,,,,,,
Huawei,122.112.132.0/22,,,,,,
Huawei,122.112.136.0/21,,,,,,
Huawei,122.112.144.0/20,,,,,,
Huawei,122.112.160.0/19,,,,,,
Huawei,122.112.192.0/24,,,,,,
Huawei,122.112.196.0/22,,,,,,
Huawei,122.112.200.0/21,,,,,,
Huawei,122.112.208.0/20,,,,,,
Huawei,122.112.224.0/19,,,,,,
Huawei,139.159.128.0/22,,,,,,
Huawei,139.159.132.0/22,,,,,,
Huawei,139.159.136.0/21,,,,,,
Huawei,139.159.144.0/20,,,,,,
Huawei,139.159.160.0/22,,,,,,
Huawei,139.159.176.0/20,,,,,,
Huawei,139.159.192.0/20,,,,,,
Huawei,139.159.208.0/20,,,,,,
Huawei,139.159.224.0/19,,,,,,
Huawei,139.9.0.0/19,,,,,,
Huawei,139.9.14.0/24,,,,,,
Huawei,139.9.176.0/20,,,,,,
Huawei,139.9.192.0/19,,,,,,
Huawei,139.9.32.0/19,,,,,,
Huawei,139.9.64.0/19,,,,,,
Huawei,43.254.0.0/22,,,,,,
Huawei,43.254.0.0/24,,,,,,
Huawei,43.254.1.0/24,,,,,,
Huawei,43.254.2.0/24,,,,,,
Huawei,43.254.3.0/24,,,,,,
Huawei,49.4.0.0/20,,,,,,
Huawei,49.4.112.0/21,,,,,,
Huawei,49.4.120.0/22,,,,,,
Huawei,49.4.124.0/23,,,,,,
Huawei,49.4.126.0/24,,,,,,
Huawei,49.4.16.0/21,,,,,,
Huawei,49.4.24.0/21,,,,,,
Huawei,49.4.48.0/20,,,,,,
Huawei,49.4.64.0/21,,,,,,
Huawei,49.4.72.0/22,,,,,,
Huawei,49.4.76.0/22,,,,,,
Huawei,49.4.80.0/20,,,,,,
Alibaba,101.200.0.0/15 ,,,,,,
Alibaba,101.37.0.0/16 ,,,,,,
Alibaba,101.37.0.0/17 ,,,,,,
Alibaba,101.37.0.0/24 ,,,,,,
Alibaba,101.37.128.0/17 ,,,,,,
Alibaba,103.52.196.0/22 ,,,,,,
Alibaba,103.52.196.0/23 ,,,,,,
Alibaba,103.52.196.0/24 ,,,,,,
Alibaba,103.52.198.0/23 ,,,,,,
Alibaba,106.11.0.0/16 ,,,,,,
Alibaba,106.11.0.0/17 ,,,,,,
Alibaba,106.11.0.0/18 ,,,,,,
Alibaba,106.11.1.0/24 ,,,,,,
Alibaba,106.11.128.0/17 ,,,,,,
Alibaba,106.11.32.0/22 ,,,,,,
Alibaba,106.11.36.0/22 ,,,,,,
Alibaba,106.11.48.0/21 ,,,,,,
Alibaba,106.11.56.0/21 ,,,,,,
Alibaba,106.11.64.0/19 ,,,,,,
Alibaba,110.173.192.0/20 ,,,,,,
Alibaba,110.173.196.0/24 ,,,,,,
Alibaba,110.173.208.0/20 ,,,,,,
Alibaba,110.75.0.0/16 ,,,,,,
Alibaba,110.75.236.0/22 ,,,,,,
Alibaba,110.75.239.0/24 ,,,,,,
Alibaba,110.75.240.0/20 ,,,,,,
Alibaba,110.75.242.0/24 ,,,,,,
Alibaba,110.75.243.0/24 ,,,,,,
Alibaba,110.75.244.0/22 ,,,,,,
Alibaba,110.76.0.0/19 ,,,,,,
Alibaba,110.76.21.0/24 ,,,,,,
Alibaba,110.76.32.0/20 ,,,,,,
Alibaba,110.76.48.0/20 ,,,,,,
Alibaba,112.124.0.0/16 ,,,,,,
Alibaba,112.125.0.0/16 ,,,,,,
Alibaba,112.126.0.0/16 ,,,,,,
Alibaba,112.127.0.0/16 ,,,,,,
Alibaba,112.74.0.0/16 ,,,,,,
Alibaba,112.74.0.0/17 ,,,,,,
Alibaba,112.74.116.0/22 ,,,,,,
Alibaba,112.74.120.0/22 ,,,,,,
Alibaba,112.74.128.0/17 ,,,,,,
Alibaba,112.74.32.0/19 ,,,,,,
Alibaba,112.74.64.0/22 ,,,,,,
Alibaba,112.74.68.0/22 ,,,,,,
Alibaba,114.215.0.0/16 ,,,,,,
Alibaba,114.55.0.0/16 ,,,,,,
Alibaba,114.55.0.0/17 ,,,,,,
Alibaba,114.55.128.0/17 ,,,,,,
Alibaba,115.124.16.0/22 ,,,,,,
Alibaba,115.124.20.0/22 ,,,,,,
Alibaba,115.124.24.0/21 ,,,,,,
Alibaba,115.28.0.0/16 ,,,,,,
Alibaba,115.29.0.0/16 ,,,,,,
Alibaba,118.190.0.0/16 ,,,,,,
Alibaba,118.190.0.0/17 ,,,,,,
Alibaba,118.190.0.0/24 ,,,,,,
Alibaba,118.190.128.0/17 ,,,,,,
Alibaba,118.31.0.0/16 ,,,,,,
Alibaba,118.31.0.0/17 ,,,,,,
Alibaba,118.31.0.0/24 ,,,,,,
Alibaba,118.31.128.0/17 ,,,,,,
Alibaba,119.38.208.0/21 ,,,,,,
Alibaba,119.38.216.0/21 ,,,,,,
Alibaba,119.38.219.0/24 ,,,,,,
Alibaba,119.42.224.0/20 ,,,,,,
Alibaba,119.42.242.0/23 ,,,,,,
Alibaba,119.42.244.0/22 ,,,,,,
Alibaba,119.42.248.0/21 ,,,,,,
Alibaba,120.24.0.0/14 ,,,,,,
Alibaba,120.24.0.0/15 ,,,,,,
Alibaba,120.25.0.0/18 ,,,,,,
Alibaba,120.25.104.0/22 ,,,,,,
Alibaba,120.25.108.0/24 ,,,,,,
Alibaba,120.25.110.0/24 ,,,,,,
Alibaba,120.25.111.0/24 ,,,,,,
Alibaba,120.25.112.0/23 ,,,,,,
Alibaba,120.25.115.0/24 ,,,,,,
Alibaba,120.25.136.0/22 ,,,,,,
Alibaba,120.25.64.0/19 ,,,,,,
Alibaba,120.25.96.0/21 ,,,,,,
Alibaba,120.27.0.0/17 ,,,,,,
Alibaba,120.27.128.0/17 ,,,,,,
Alibaba,120.27.128.0/18 ,,,,,,
Alibaba,120.27.192.0/18 ,,,,,,
Alibaba,120.55.0.0/16 ,,,,,,
Alibaba,120.76.0.0/15 ,,,,,,
Alibaba,120.76.0.0/16 ,,,,,,
Alibaba,120.77.0.0/16 ,,,,,,
Alibaba,120.78.0.0/15 ,,,,,,
Alibaba,121.0.16.0/21 ,,,,,,
Alibaba,121.0.24.0/22 ,,,,,,
Alibaba,121.0.28.0/22 ,,,,,,
Alibaba,121.196.0.0/16 ,,,,,,
Alibaba,121.197.0.0/16 ,,,,,,
Alibaba,121.198.0.0/16 ,,,,,,
Alibaba,121.199.0.0/16 ,,,,,,
Alibaba,121.40.0.0/14 ,,,,,,
Alibaba,121.42.0.0/18 ,,,,,,
Alibaba,121.42.0.0/24 ,,,,,,
Alibaba,121.42.128.0/18 ,,,,,,
Alibaba,121.42.17.0/24 ,,,,,,
Alibaba,121.42.192.0/19 ,,,,,,
Alibaba,121.42.224.0/19 ,,,,,,
Alibaba,121.42.64.0/18 ,,,,,,
Alibaba,123.56.0.0/15 ,,,,,,
Alibaba,123.56.0.0/16 ,,,,,,
Alibaba,123.57.0.0/16 ,,,,,,
Alibaba,139.129.0.0/16 ,,,,,,
Alibaba,139.129.0.0/17 ,,,,,,
Alibaba,139.129.128.0/17 ,,,,,,
Alibaba,139.196.0.0/16 ,,,,,,
Alibaba,139.196.0.0/17 ,,,,,,
Alibaba,139.196.128.0/17 ,,,,,,
Alibaba,139.224.0.0/16 ,,,,,,
Alibaba,139.224.0.0/17 ,,,,,,
Alibaba,139.224.128.0/17 ,,,,,,
Alibaba,140.205.0.0/16 ,,,,,,
Alibaba,140.205.128.0/18 ,,,,,,
Alibaba,140.205.192.0/18 ,,,,,,
Alibaba,140.205.32.0/19 ,,,,,,
Alibaba,140.205.76.0/24 ,,,,,,
Alibaba,182.92.0.0/16 ,,,,,,
Alibaba,203.107.0.0/24 ,,,,,,
Alibaba,203.107.1.0/24 ,,,,,,
Alibaba,203.209.224.0/19 ,,,,,,
Alibaba,218.244.128.0/19 ,,,,,,
Alibaba,223.4.0.0/16 ,,,,,,
Alibaba,223.5.0.0/16 ,,,,,,
Alibaba,223.5.5.0/24 ,,,,,,
Alibaba,223.6.0.0/16 ,,,,,,
Alibaba,223.6.6.0/24 ,,,,,,
Alibaba,223.7.0.0/16 ,,,,,,
Alibaba,39.100.0.0/14 ,,,,,,
Alibaba,39.104.0.0/14 ,,,,,,
Alibaba,39.104.0.0/15 ,,,,,,
Alibaba,39.104.0.0/24 ,,,,,,
Alibaba,39.106.0.0/15 ,,,,,,
Alibaba,39.108.0.0/16 ,,,,,,
Alibaba,39.108.0.0/17 ,,,,,,
Alibaba,39.108.0.0/24 ,,,,,,
Alibaba,39.108.128.0/17 ,,,,,,
Alibaba,39.96.0.0/13 ,,,,,,
Alibaba,39.96.0.0/14 ,,,,,,
Alibaba,39.96.0.0/24 ,,,,,,
Alibaba,42.120.0.0/16 ,,,,,,
Alibaba,42.121.0.0/16 ,,,,,,
Alibaba,42.156.128.0/17 ,,,,,,
Alibaba,42.96.128.0/17 ,,,,,,
Alibaba,45.113.40.0/22 ,,,,,,
Alibaba,45.113.40.0/23 ,,,,,,
Alibaba,45.113.40.0/24 ,,,,,,
Alibaba,45.113.42.0/23 ,,,,,,
Alibaba,47.92.0.0/14 ,,,,,,
Alibaba,47.92.0.0/15 ,,,,,,
Alibaba,47.92.0.0/24 ,,,,,,
Alibaba,47.94.0.0/15,,,,,,
Alibaba,110.76.23.0/24,,,,,,
Alibaba,116.251.120.0/22,,,,,,
Alibaba,116.251.120.0/23,,,,,,
Alibaba,116.251.122.0/23,,,,,,
Alibaba,116.251.64.0/18,,,,,,
Alibaba,116.251.96.0/22,,,,,,
Alibaba,116.251.96.0/23,,,,,,
Alibaba,116.251.98.0/23,,,,,,
Alibaba,140.205.1.0/24,,,,,,
Alibaba,140.205.122.0/24,,,,,,
Alibaba,147.139.0.0/17,,,,,,
Alibaba,147.139.0.0/18,,,,,,
Alibaba,147.139.128.0/17,,,,,,
Alibaba,147.139.128.0/18,,,,,,
Alibaba,147.139.192.0/18,,,,,,
Alibaba,147.139.64.0/18,,,,,,
Alibaba,149.129.0.0/20,,,,,,
Alibaba,149.129.0.0/21,,,,,,
Alibaba,149.129.128.0/18,,,,,,
Alibaba,149.129.128.0/19,,,,,,
Alibaba,149.129.160.0/19,,,,,,
Alibaba,149.129.16.0/23,,,,,,
Alibaba,149.129.192.0/18,,,,,,
Alibaba,149.129.192.0/19,,,,,,
Alibaba,149.129.224.0/19,,,,,,
Alibaba,149.129.32.0/19,,,,,,
Alibaba,149.129.32.0/20,,,,,,
Alibaba,149.129.48.0/20,,,,,,
Alibaba,149.129.64.0/18,,,,,,
Alibaba,149.129.64.0/19,,,,,,
Alibaba,149.129.8.0/21,,,,,,
Alibaba,149.129.96.0/19,,,,,,
Alibaba,161.117.0.0/16,,,,,,
Alibaba,161.117.0.0/17,,,,,,
Alibaba,161.117.126.0/24,,,,,,
Alibaba,161.117.127.0/24,,,,,,
Alibaba,161.117.128.0/17,,,,,,
Alibaba,161.117.128.0/24,,,,,,
Alibaba,161.117.129.0/24,,,,,,
Alibaba,161.117.138.0/24,,,,,,
Alibaba,161.117.143.0/24,,,,,,
Alibaba,198.11.128.0/18,,,,,,
Alibaba,198.11.130.0/24,,,,,,
Alibaba,198.11.131.0/24,,,,,,
Alibaba,198.11.132.0/24,,,,,,
Alibaba,198.11.134.0/23,,,,,,
Alibaba,198.11.136.0/24,,,,,,
Alibaba,198.11.137.0/24,,,,,,
Alibaba,198.11.138.0/24,,,,,,
Alibaba,198.11.139.0/24,,,,,,
Alibaba,198.11.140.0/24,,,,,,
Alibaba,198.11.142.0/24,,,,,,
Alibaba,198.11.143.0/24,,,,,,
Alibaba,198.11.144.0/24,,,,,,
Alibaba,198.11.146.0/24,,,,,,
Alibaba,198.11.148.0/24,,,,,,
Alibaba,198.11.149.0/24,,,,,,
Alibaba,198.11.150.0/24,,,,,,
Alibaba,198.11.151.0/24,,,,,,
Alibaba,198.11.153.0/24,,,,,,
Alibaba,198.11.155.0/24,,,,,,
Alibaba,198.11.160.0/24,,,,,,
Alibaba,198.11.164.0/24,,,,,,
Alibaba,198.11.165.0/24,,,,,,
Alibaba,198.11.166.0/24,,,,,,
Alibaba,198.11.167.0/24,,,,,,
Alibaba,198.11.168.0/23,,,,,,
Alibaba,198.11.172.0/22,,,,,,
Alibaba,198.11.172.0/23,,,,,,
Alibaba,198.11.174.0/23,,,,,,
Alibaba,198.11.176.0/22,,,,,,
Alibaba,198.11.176.0/23,,,,,,
Alibaba,198.11.178.0/23,,,,,,
Alibaba,198.11.180.0/22,,,,,,
Alibaba,198.11.180.0/23,,,,,,
Alibaba,198.11.182.0/23,,,,,,
Alibaba,198.11.184.0/21,,,,,,
Alibaba,205.204.100.0/24,,,,,,
Alibaba,205.204.101.0/24,,,,,,
Alibaba,205.204.102.0/23,,,,,,
Alibaba,205.204.106.0/24,,,,,,
Alibaba,205.204.107.0/24,,,,,,
Alibaba,205.204.108.0/24,,,,,,
Alibaba,205.204.109.0/24,,,,,,
Alibaba,205.204.110.0/24,,,,,,
Alibaba,205.204.111.0/24,,,,,,
Alibaba,205.204.117.0/24,,,,,,
Alibaba,205.204.120.0/24,,,,,,
Alibaba,205.204.121.0/24,,,,,,
Alibaba,205.204.125.0/24,,,,,,
Alibaba,205.204.96.0/19,,,,,,
Alibaba,47.235.0.0/22,,,,,,
Alibaba,47.235.0.0/23,,,,,,
Alibaba,47.235.10.0/23,,,,,,
Alibaba,47.235.10.0/24,,,,,,
Alibaba,47.235.1.0/24,,,,,,
Alibaba,47.235.11.0/24,,,,,,
Alibaba,47.235.2.0/23,,,,,,
Alibaba,47.235.4.0/24,,,,,,
Alibaba,47.235.5.0/24,,,,,,
Alibaba,47.235.6.0/23,,,,,,
Alibaba,47.235.6.0/24,,,,,,
Alibaba,47.235.7.0/24,,,,,,
Alibaba,47.235.8.0/24,,,,,,
Alibaba,47.240.0.0/16,,,,,,
Alibaba,47.240.0.0/17,,,,,,
Alibaba,47.240.128.0/17,,,,,,
Alibaba,47.244.0.0/16,,,,,,
Alibaba,47.244.0.0/17,,,,,,
Alibaba,47.244.128.0/17,,,,,,
Alibaba,47.244.73.0/24,,,,,,
Alibaba,47.245.0.0/18,,,,,,
Alibaba,47.245.0.0/19,,,,,,
Alibaba,47.245.32.0/19,,,,,,
Alibaba,47.245.32.0/20,,,,,,
Alibaba,47.245.48.0/20,,,,,,
Alibaba,47.246.100.0/22,,,,,,
Alibaba,47.246.32.0/22,,,,,,
Alibaba,47.246.64.0/24,,,,,,
Alibaba,47.246.65.0/24,,,,,,
Alibaba,47.246.66.0/24,,,,,,
Alibaba,47.246.67.0/24,,,,,,
Alibaba,47.246.72.0/21,,,,,,
Alibaba,47.246.72.0/22,,,,,,
Alibaba,47.246.76.0/22,,,,,,
Alibaba,47.246.80.0/24,,,,,,
Alibaba,47.246.82.0/23,,,,,,
Alibaba,47.246.82.0/24,,,,,,
Alibaba,47.246.83.0/24,,,,,,
Alibaba,47.246.84.0/22,,,,,,
Alibaba,47.246.84.0/23,,,,,,
Alibaba,47.246.86.0/23,,,,,,
Alibaba,47.246.88.0/22,,,,,,
Alibaba,47.246.88.0/23,,,,,,
Alibaba,47.246.90.0/23,,,,,,
Alibaba,47.246.92.0/23,,,,,,
Alibaba,47.246.92.0/24,,,,,,
Alibaba,47.246.93.0/24,,,,,,
Alibaba,47.246.96.0/21,,,,,,
Alibaba,47.246.96.0/22,,,,,,
Alibaba,47.250.0.0/17,,,,,,
Alibaba,47.250.0.0/18,,,,,,
Alibaba,47.250.64.0/18,,,,,,
Alibaba,47.251.0.0/16,,,,,,
Alibaba,47.251.0.0/17,,,,,,
Alibaba,47.251.0.0/20,,,,,,
Alibaba,47.251.0.0/21,,,,,,
Alibaba,47.251.128.0/17,,,,,,
Alibaba,47.251.32.0/19,,,,,,
Alibaba,47.251.32.0/20,,,,,,
Alibaba,47.251.48.0/20,,,,,,
Alibaba,47.251.8.0/21,,,,,,
Alibaba,47.252.0.0/17,,,,,,
Alibaba,47.252.0.0/18,,,,,,
Alibaba,47.252.128.0/17,,,,,,
Alibaba,47.252.128.0/18,,,,,,
Alibaba,47.252.192.0/18,,,,,,
Alibaba,47.252.64.0/18,,,,,,
Alibaba,47.253.0.0/16,,,,,,
Alibaba,47.253.0.0/17,,,,,,
Alibaba,47.253.128.0/17,,,,,,
Alibaba,47.254.0.0/17,,,,,,
Alibaba,47.254.0.0/18,,,,,,
Alibaba,47.254.0.0/24,,,,,,
Alibaba,47.254.1.0/24,,,,,,
Alibaba,47.254.113.0/24,,,,,,
Alibaba,47.254.120.0/21,,,,,,
Alibaba,47.254.120.0/22,,,,,,
Alibaba,47.254.124.0/22,,,,,,
Alibaba,47.254.128.0/18,,,,,,
Alibaba,47.254.128.0/19,,,,,,
Alibaba,47.254.160.0/19,,,,,,
Alibaba,47.254.16.0/20,,,,,,
Alibaba,47.254.16.0/21,,,,,,
Alibaba,47.254.192.0/18,,,,,,
Alibaba,47.254.192.0/19,,,,,,
Alibaba,47.254.2.0/24,,,,,,
Alibaba,47.254.224.0/19,,,,,,
Alibaba,47.254.24.0/21,,,,,,
Alibaba,47.254.3.0/24,,,,,,
Alibaba,47.254.32.0/20,,,,,,
Alibaba,47.254.32.0/21,,,,,,
Alibaba,47.254.40.0/21,,,,,,
Alibaba,47.254.58.0/24,,,,,,
Alibaba,47.254.64.0/18,,,,,,
Alibaba,47.254.64.0/20,,,,,,
Alibaba,47.254.64.0/21,,,,,,
Alibaba,47.254.72.0/21,,,,,,
Alibaba,47.254.80.0/20,,,,,,
Alibaba,47.254.80.0/21,,,,,,
Alibaba,47.254.88.0/21,,,,,,
Alibaba,47.52.0.0/16,,,,,,
Alibaba,47.52.0.0/17,,,,,,
Alibaba,47.52.128.0/17,,,,,,
Alibaba,47.56.0.0/15,,,,,,
Alibaba,47.56.0.0/16,,,,,,
Alibaba,47.57.0.0/16,,,,,,
Alibaba,47.74.0.0/18,,,,,,
Alibaba,47.74.0.0/21,,,,,,
Alibaba,47.74.128.0/17,,,,,,
Alibaba,47.74.128.0/18,,,,,,
Alibaba,47.74.192.0/18,,,,,,
Alibaba,47.74.64.0/18,,,,,,
Alibaba,47.74.64.0/19,,,,,,
Alibaba,47.74.96.0/19,,,,,,
Alibaba,47.75.0.0/16,,,,,,
Alibaba,47.75.0.0/17,,,,,,
Alibaba,47.75.128.0/17,,,,,,
Alibaba,47.88.0.0/17,,,,,,
Alibaba,47.88.0.0/18,,,,,,
Alibaba,47.88.0.0/22,,,,,,
Alibaba,47.88.0.0/23,,,,,,
Alibaba,47.88.100.0/22,,,,,,
Alibaba,47.88.100.0/23,,,,,,
Alibaba,47.88.10.0/23,,,,,,
Alibaba,47.88.102.0/23,,,,,,
Alibaba,47.88.104.0/22,,,,,,
Alibaba,47.88.104.0/23,,,,,,
Alibaba,47.88.106.0/23,,,,,,
Alibaba,47.88.108.0/24,,,,,,
Alibaba,47.88.12.0/22,,,,,,
Alibaba,47.88.12.0/23,,,,,,
Alibaba,47.88.128.0/17,,,,,,
Alibaba,47.88.128.0/18,,,,,,
Alibaba,47.88.135.0/24,,,,,,
Alibaba,47.88.14.0/23,,,,,,
Alibaba,47.88.16.0/22,,,,,,
Alibaba,47.88.16.0/23,,,,,,
Alibaba,47.88.18.0/23,,,,,,
Alibaba,47.88.192.0/18,,,,,,
Alibaba,47.88.20.0/22,,,,,,
Alibaba,47.88.20.0/23,,,,,,
Alibaba,47.88.2.0/23,,,,,,
Alibaba,47.88.22.0/23,,,,,,
Alibaba,47.88.24.0/22,,,,,,
Alibaba,47.88.24.0/23,,,,,,
Alibaba,47.88.26.0/23,,,,,,
Alibaba,47.88.28.0/22,,,,,,
Alibaba,47.88.28.0/23,,,,,,
Alibaba,47.88.30.0/23,,,,,,
Alibaba,47.88.32.0/22,,,,,,
Alibaba,47.88.32.0/23,,,,,,
Alibaba,47.88.34.0/23,,,,,,
Alibaba,47.88.4.0/22,,,,,,
Alibaba,47.88.4.0/23,,,,,,
Alibaba,47.88.41.0/24,,,,,,
Alibaba,47.88.42.0/24,,,,,,
Alibaba,47.88.43.0/24,,,,,,
Alibaba,47.88.45.0/24,,,,,,
Alibaba,47.88.46.0/24,,,,,,
Alibaba,47.88.47.0/24,,,,,,
Alibaba,47.88.48.0/21,,,,,,
Alibaba,47.88.48.0/22,,,,,,
Alibaba,47.88.52.0/22,,,,,,
Alibaba,47.88.56.0/21,,,,,,
Alibaba,47.88.56.0/22,,,,,,
Alibaba,47.88.60.0/22,,,,,,
Alibaba,47.88.6.0/23,,,,,,
Alibaba,47.88.64.0/18,,,,,,
Alibaba,47.88.65.0/24,,,,,,
Alibaba,47.88.66.0/24,,,,,,
Alibaba,47.88.68.0/24,,,,,,
Alibaba,47.88.69.0/24,,,,,,
Alibaba,47.88.70.0/24,,,,,,
Alibaba,47.88.71.0/24,,,,,,
Alibaba,47.88.73.0/24,,,,,,
Alibaba,47.88.76.0/22,,,,,,
Alibaba,47.88.76.0/23,,,,,,
Alibaba,47.88.78.0/23,,,,,,
Alibaba,47.88.8.0/22,,,,,,
Alibaba,47.88.8.0/23,,,,,,
Alibaba,47.88.84.0/22,,,,,,
Alibaba,47.88.84.0/23,,,,,,
Alibaba,47.88.86.0/23,,,,,,
Alibaba,47.88.88.0/22,,,,,,
Alibaba,47.88.88.0/23,,,,,,
Alibaba,47.88.90.0/23,,,,,,
Alibaba,47.88.92.0/22,,,,,,
Alibaba,47.88.92.0/23,,,,,,
Alibaba,47.88.94.0/23,,,,,,
Alibaba,47.88.99.0/24,,,,,,
Alibaba,47.89.0.0/18,,,,,,
Alibaba,47.89.0.0/19,,,,,,
Alibaba,47.89.100.0/24,,,,,,
Alibaba,47.89.101.0/24,,,,,,
Alibaba,47.89.104.0/21,,,,,,
Alibaba,47.89.104.0/22,,,,,,
Alibaba,47.89.104.0/24,,,,,,
Alibaba,47.89.105.0/24,,,,,,
Alibaba,47.89.106.0/24,,,,,,
Alibaba,47.89.107.0/24,,,,,,
Alibaba,47.89.108.0/22,,,,,,
Alibaba,47.89.108.0/24,,,,,,
Alibaba,47.89.122.0/24,,,,,,
Alibaba,47.89.123.0/24,,,,,,
Alibaba,47.89.124.0/23,,,,,,
Alibaba,47.89.124.0/24,,,,,,
Alibaba,47.89.125.0/24,,,,,,
Alibaba,47.89.128.0/18,,,,,,
Alibaba,47.89.128.0/19,,,,,,
Alibaba,47.89.160.0/19,,,,,,
Alibaba,47.89.192.0/18,,,,,,
Alibaba,47.89.192.0/19,,,,,,
Alibaba,47.89.192.0/22,,,,,,
Alibaba,47.89.192.0/23,,,,,,
Alibaba,47.89.194.0/23,,,,,,
Alibaba,47.89.208.0/22,,,,,,
Alibaba,47.89.208.0/23,,,,,,
Alibaba,47.89.210.0/23,,,,,,
Alibaba,47.89.212.0/23,,,,,,
Alibaba,47.89.212.0/24,,,,,,
Alibaba,47.89.213.0/24,,,,,,
Alibaba,47.89.216.0/22,,,,,,
Alibaba,47.89.216.0/23,,,,,,
Alibaba,47.89.218.0/23,,,,,,
Alibaba,47.89.224.0/19,,,,,,
Alibaba,47.89.224.0/24,,,,,,
Alibaba,47.89.225.0/24,,,,,,
Alibaba,47.89.226.0/24,,,,,,
Alibaba,47.89.227.0/24,,,,,,
Alibaba,47.89.228.0/22,,,,,,
Alibaba,47.89.228.0/23,,,,,,
Alibaba,47.89.230.0/23,,,,,,
Alibaba,47.89.232.0/22,,,,,,
Alibaba,47.89.232.0/23,,,,,,
Alibaba,47.89.234.0/23,,,,,,
Alibaba,47.89.240.0/21,,,,,,
Alibaba,47.89.240.0/22,,,,,,
Alibaba,47.89.244.0/22,,,,,,
Alibaba,47.89.248.0/21,,,,,,
Alibaba,47.89.248.0/22,,,,,,
Alibaba,47.89.252.0/22,,,,,,
Alibaba,47.89.32.0/19,,,,,,
Alibaba,47.89.71.0/24,,,,,,
Alibaba,47.89.72.0/22,,,,,,
Alibaba,47.89.72.0/23,,,,,,
Alibaba,47.89.74.0/23,,,,,,
Alibaba,47.89.76.0/22,,,,,,
Alibaba,47.89.76.0/23,,,,,,
Alibaba,47.89.78.0/23,,,,,,
Alibaba,47.89.80.0/23,,,,,,
Alibaba,47.89.82.0/23,,,,,,
Alibaba,47.89.84.0/24,,,,,,
Alibaba,47.89.85.0/24,,,,,,
Alibaba,47.89.88.0/22,,,,,,
Alibaba,47.89.88.0/23,,,,,,
Alibaba,47.89.90.0/23,,,,,,
Alibaba,47.89.92.0/22,,,,,,
Alibaba,47.89.92.0/23,,,,,,
Alibaba,47.89.94.0/23,,,,,,
Alibaba,47.89.96.0/24,,,,,,
Alibaba,47.89.97.0/24,,,,,,
Alibaba,47.89.98.0/23,,,,,,
Alibaba,47.89.98.0/24,,,,,,
Alibaba,47.89.99.0/24,,,,,,
Alibaba,47.90.0.0/17,,,,,,
Alibaba,47.90.0.0/18,,,,,,
Alibaba,47.90.128.0/17,,,,,,
Alibaba,47.90.128.0/18,,,,,,
Alibaba,47.90.192.0/18,,,,,,
Alibaba,47.90.64.0/18,,,,,,
Alibaba,47.91.0.0/19,,,,,,
Alibaba,47.91.112.0/20,,,,,,
Alibaba,47.91.128.0/17,,,,,,
Alibaba,47.91.128.0/18,,,,,,
Alibaba,47.91.192.0/18,,,,,,
Alibaba,47.91.32.0/19,,,,,,
Alibaba,47.91.32.0/20,,,,,,
Alibaba,47.91.48.0/20,,,,,,
Alibaba,47.91.64.0/19,,,,,,
Alibaba,47.91.64.0/20,,,,,,
Alibaba,47.91.80.0/20,,,,,,
Alibaba,47.91.96.0/19,,,,,,
Alibaba,47.91.96.0/20,,,,,,
Alibaba,62.128.96.0/22,,,,,,
Alibaba,8.208.0.0/16,,,,,,
Alibaba,8.208.0.0/17,,,,,,
Alibaba,8.208.0.0/18,,,,,,
Alibaba,8.208.0.0/19,,,,,,
Alibaba,8.208.128.0/17,,,,,,
Alibaba,8.208.32.0/19,,,,,,
Alibaba,8.209.10.0/23,,,,,,
Alibaba,8.209.64.0/18,,,,,,
Alibaba,8.209.64.0/19,,,,,,
Alibaba,8.209.96.0/19,,,,,,
Alibaba,89.219.0.0/22,,,,,,
Tencent,103.238.16.0/23,,,,,,
Tencent,103.7.28.0/24,,,,,,
Tencent,103.7.29.0/24,,,,,,
Tencent,103.7.30.0/24,,,,,,
Tencent,103.7.31.0/24,,,,,,
Tencent,119.28.0.0/18,,,,,,
Tencent,119.28.0.0/21,,,,,,
Tencent,119.28.0.0/23,,,,,,
Tencent,119.28.100.0/23,,,,,,
Tencent,119.28.10.0/23,,,,,,
Tencent,119.28.102.0/23,,,,,,
Tencent,119.28.104.0/23,,,,,,
Tencent,119.28.106.0/23,,,,,,
Tencent,119.28.108.0/23,,,,,,
Tencent,119.28.110.0/23,,,,,,
Tencent,119.28.112.0/21,,,,,,
Tencent,119.28.112.0/23,,,,,,
Tencent,119.28.114.0/23,,,,,,
Tencent,119.28.116.0/23,,,,,,
Tencent,119.28.118.0/23,,,,,,
Tencent,119.28.120.0/23,,,,,,
Tencent,119.28.12.0/23,,,,,,
Tencent,119.28.122.0/23,,,,,,
Tencent,119.28.124.0/23,,,,,,
Tencent,119.28.124.0/24,,,,,,
Tencent,119.28.125.0/24,,,,,,
Tencent,119.28.126.0/23,,,,,,
Tencent,119.28.126.0/24,,,,,,
Tencent,119.28.128.0/20,,,,,,
Tencent,119.28.128.0/23,,,,,,
Tencent,119.28.130.0/23,,,,,,
Tencent,119.28.132.0/23,,,,,,
Tencent,119.28.134.0/23,,,,,,
Tencent,119.28.136.0/23,,,,,,
Tencent,119.28.138.0/23,,,,,,
Tencent,119.28.140.0/23,,,,,,
Tencent,119.28.14.0/23,,,,,,
Tencent,119.28.142.0/23,,,,,,
Tencent,119.28.144.0/20,,,,,,
Tencent,119.28.144.0/23,,,,,,
Tencent,119.28.146.0/23,,,,,,
Tencent,119.28.148.0/23,,,,,,
Tencent,119.28.150.0/23,,,,,,
Tencent,119.28.152.0/23,,,,,,
Tencent,119.28.154.0/23,,,,,,
Tencent,119.28.156.0/23,,,,,,
Tencent,119.28.158.0/23,,,,,,
Tencent,119.28.160.0/22,,,,,,
Tencent,119.28.160.0/23,,,,,,
Tencent,119.28.16.0/23,,,,,,
Tencent,119.28.162.0/23,,,,,,
Tencent,119.28.164.0/23,,,,,,
Tencent,119.28.166.0/23,,,,,,
Tencent,119.28.168.0/23,,,,,,
Tencent,119.28.170.0/23,,,,,,
Tencent,119.28.172.0/23,,,,,,
Tencent,119.28.174.0/23,,,,,,
Tencent,119.28.175.0/24,,,,,,
Tencent,119.28.176.0/23,,,,,,
Tencent,119.28.178.0/23,,,,,,
Tencent,119.28.180.0/23,,,,,,
Tencent,119.28.18.0/23,,,,,,
Tencent,119.28.182.0/23,,,,,,
Tencent,119.28.184.0/23,,,,,,
Tencent,119.28.186.0/23,,,,,,
Tencent,119.28.188.0/23,,,,,,
Tencent,119.28.190.0/23,,,,,,
Tencent,119.28.192.0/23,,,,,,
Tencent,119.28.194.0/23,,,,,,
Tencent,119.28.196.0/23,,,,,,
Tencent,119.28.198.0/23,,,,,,
Tencent,119.28.200.0/23,,,,,,
Tencent,119.28.20.0/23,,,,,,
Tencent,119.28.202.0/23,,,,,,
Tencent,119.28.2.0/23,,,,,,
Tencent,119.28.204.0/23,,,,,,
Tencent,119.28.206.0/23,,,,,,
Tencent,119.28.208.0/23,,,,,,
Tencent,119.28.210.0/23,,,,,,
Tencent,119.28.212.0/23,,,,,,
Tencent,119.28.214.0/23,,,,,,
Tencent,119.28.216.0/23,,,,,,
Tencent,119.28.217.0/24,,,,,,
Tencent,119.28.218.0/23,,,,,,
Tencent,119.28.220.0/23,,,,,,
Tencent,119.28.22.0/23,,,,,,
Tencent,119.28.222.0/23,,,,,,
Tencent,119.28.224.0/23,,,,,,
Tencent,119.28.226.0/23,,,,,,
Tencent,119.28.228.0/23,,,,,,
Tencent,119.28.230.0/23,,,,,,
Tencent,119.28.232.0/21,,,,,,
Tencent,119.28.232.0/23,,,,,,
Tencent,119.28.234.0/23,,,,,,
Tencent,119.28.236.0/23,,,,,,
Tencent,119.28.238.0/23,,,,,,
Tencent,119.28.240.0/20,,,,,,
Tencent,119.28.24.0/23,,,,,,
Tencent,119.28.26.0/23,,,,,,
Tencent,119.28.28.0/23,,,,,,
Tencent,119.28.28.0/24,,,,,,
Tencent,119.28.30.0/23,,,,,,
Tencent,119.28.32.0/23,,,,,,
Tencent,119.28.34.0/23,,,,,,
Tencent,119.28.36.0/23,,,,,,
Tencent,119.28.38.0/23,,,,,,
Tencent,119.28.40.0/23,,,,,,
Tencent,119.28.4.0/23,,,,,,
Tencent,119.28.42.0/23,,,,,,
Tencent,119.28.44.0/23,,,,,,
Tencent,119.28.46.0/23,,,,,,
Tencent,119.28.48.0/23,,,,,,
Tencent,119.28.50.0/23,,,,,,
Tencent,119.28.52.0/23,,,,,,
Tencent,119.28.54.0/23,,,,,,
Tencent,119.28.56.0/23,,,,,,
Tencent,119.28.58.0/23,,,,,,
Tencent,119.28.60.0/23,,,,,,
Tencent,119.28.6.0/23,,,,,,
Tencent,119.28.62.0/23,,,,,,
Tencent,119.28.64.0/19,,,,,,
Tencent,119.28.64.0/23,,,,,,
Tencent,119.28.66.0/23,,,,,,
Tencent,119.28.68.0/23,,,,,,
Tencent,119.28.70.0/23,,,,,,
Tencent,119.28.72.0/23,,,,,,
Tencent,119.28.74.0/23,,,,,,
Tencent,119.28.76.0/23,,,,,,
Tencent,119.28.78.0/23,,,,,,
Tencent,119.28.80.0/23,,,,,,
Tencent,119.28.8.0/23,,,,,,
Tencent,119.28.82.0/23,,,,,,
Tencent,119.28.84.0/23,,,,,,
Tencent,119.28.86.0/23,,,,,,
Tencent,119.28.88.0/23,,,,,,
Tencent,119.28.90.0/23,,,,,,
Tencent,119.28.92.0/23,,,,,,
Tencent,119.28.94.0/23,,,,,,
Tencent,119.28.96.0/19,,,,,,
Tencent,119.28.96.0/20,,,,,,
Tencent,119.28.96.0/23,,,,,,
Tencent,119.28.98.0/23,,,,,,
Tencent,119.29.29.0/24,,,,,,
Tencent,162.14.0.0/22,,,,,,
Tencent,162.14.12.0/22,,,,,,
Tencent,162.14.16.0/22,,,,,,
Tencent,162.14.20.0/22,,,,,,
Tencent,162.14.4.0/22,,,,,,
Tencent,162.14.8.0/22,,,,,,
Tencent,203.205.128.0/19,,,,,,
Tencent,203.205.128.0/23,,,,,,
Tencent,203.205.134.0/24,,,,,,
Tencent,203.205.135.0/24,,,,,,
Tencent,203.205.136.0/23,,,,,,
Tencent,203.205.138.0/23,,,,,,
Tencent,203.205.140.0/24,,,,,,
Tencent,203.205.141.0/24,,,,,,
Tencent,203.205.142.0/24,,,,,,
Tencent,203.205.143.0/24,,,,,,
Tencent,203.205.144.0/24,,,,,,
Tencent,203.205.145.0/24,,,,,,
Tencent,203.205.146.0/24,,,,,,
Tencent,203.205.147.0/24,,,,,,
Tencent,203.205.148.0/24,,,,,,
Tencent,203.205.149.0/24,,,,,,
Tencent,203.205.150.0/24,,,,,,
Tencent,203.205.151.0/24,,,,,,
Tencent,203.205.152.0/24,,,,,,
Tencent,203.205.155.0/24,,,,,,
Tencent,203.205.156.0/24,,,,,,
Tencent,203.205.157.0/24,,,,,,
Tencent,203.205.158.0/24,,,,,,
Tencent,203.205.159.0/24,,,,,,
Tencent,203.205.187.0/24,,,,,,
Tencent,203.205.188.0/24,,,,,,
Tencent,203.205.190.0/24,,,,,,
Tencent,203.205.191.0/24,,,,,,
Tencent,203.205.193.0/24,,,,,,
Tencent,203.205.208.0/24,,,,,,
Tencent,203.205.209.0/24,,,,,,
Tencent,203.205.210.0/24,,,,,,
Tencent,203.205.211.0/24,,,,,,
Tencent,203.205.218.0/24,,,,,,
Tencent,203.205.219.0/24,,,,,,
Tencent,203.205.220.0/23,,,,,,
Tencent,203.205.222.0/23,,,,,,
Tencent,203.205.224.0/24,,,,,,
Tencent,203.205.236.0/23,,,,,,
Tencent,203.205.238.0/23,,,,,,
Tencent,203.205.240.0/24,,,,,,
Tencent,203.205.242.0/24,,,,,,
Tencent,203.205.244.0/24,,,,,,
Tencent,203.205.245.0/24,,,,,,
Tencent,203.205.248.0/23,,,,,,
Tencent,203.205.250.0/23,,,,,,
Tencent,203.205.252.0/23,,,,,,
Tencent,203.205.254.0/23,,,,,,
Tencent,210.180.74.0/23,,,,,,
Tencent,211.152.128.0/23,,,,,,
Tencent,211.152.130.0/23,,,,,,
Tencent,211.152.132.0/23,,,,,,
Tencent,211.152.136.0/23,,,,,,
Tencent,211.152.146.0/23,,,,,,
Tencent,211.152.148.0/23,,,,,,
Tencent,211.152.152.0/23,,,,,,
Tencent,211.152.154.0/23,,,,,,
Tencent,211.152.156.0/24,,,,,,
Tencent,45.113.68.0/22,,,,,,
Tencent,45.113.68.0/23,,,,,,
Tencent,45.113.70.0/23,,,,,,
Tencent,45.40.216.0/22,,,,,,
Tencent,45.40.220.0/22,,,,,,
Tencent,49.51.0.0/19,,,,,,
Tencent,49.51.0.0/23,,,,,,
Tencent,49.51.100.0/22,,,,,,
Tencent,49.51.10.0/23,,,,,,
Tencent,49.51.104.0/22,,,,,,
Tencent,49.51.108.0/23,,,,,,
Tencent,49.51.12.0/23,,,,,,
Tencent,49.51.128.0/20,,,,,,
Tencent,49.51.128.0/23,,,,,,
Tencent,49.51.130.0/23,,,,,,
Tencent,49.51.132.0/23,,,,,,
Tencent,49.51.134.0/23,,,,,,
Tencent,49.51.136.0/23,,,,,,
Tencent,49.51.138.0/23,,,,,,
Tencent,49.51.140.0/23,,,,,,
Tencent,49.51.14.0/23,,,,,,
Tencent,49.51.142.0/23,,,,,,
Tencent,49.51.144.0/20,,,,,,
Tencent,49.51.144.0/23,,,,,,
Tencent,49.51.146.0/23,,,,,,
Tencent,49.51.148.0/23,,,,,,
Tencent,49.51.150.0/23,,,,,,
Tencent,49.51.152.0/23,,,,,,
Tencent,49.51.154.0/23,,,,,,
Tencent,49.51.156.0/23,,,,,,
Tencent,49.51.158.0/23,,,,,,
Tencent,49.51.160.0/20,,,,,,
Tencent,49.51.160.0/23,,,,,,
Tencent,49.51.16.0/23,,,,,,
Tencent,49.51.162.0/23,,,,,,
Tencent,49.51.164.0/23,,,,,,
Tencent,49.51.166.0/23,,,,,,
Tencent,49.51.168.0/23,,,,,,
Tencent,49.51.170.0/23,,,,,,
Tencent,49.51.172.0/23,,,,,,
Tencent,49.51.174.0/23,,,,,,
Tencent,49.51.176.0/22,,,,,,
Tencent,49.51.180.0/22,,,,,,
Tencent,49.51.18.0/23,,,,,,
Tencent,49.51.184.0/22,,,,,,
Tencent,49.51.188.0/22,,,,,,
Tencent,49.51.192.0/22,,,,,,
Tencent,49.51.196.0/22,,,,,,
Tencent,49.51.200.0/22,,,,,,
Tencent,49.51.20.0/23,,,,,,
Tencent,49.51.2.0/23,,,,,,
Tencent,49.51.204.0/22,,,,,,
Tencent,49.51.22.0/23,,,,,,
Tencent,49.51.224.0/23,,,,,,
Tencent,49.51.228.0/23,,,,,,
Tencent,49.51.230.0/23,,,,,,
Tencent,49.51.232.0/23,,,,,,
Tencent,49.51.234.0/23,,,,,,
Tencent,49.51.236.0/23,,,,,,
Tencent,49.51.237.0/24,,,,,,
Tencent,49.51.238.0/23,,,,,,
Tencent,49.51.238.0/24,,,,,,
Tencent,49.51.240.0/23,,,,,,
Tencent,49.51.24.0/23,,,,,,
Tencent,49.51.242.0/23,,,,,,
Tencent,49.51.244.0/23,,,,,,
Tencent,49.51.246.0/23,,,,,,
Tencent,49.51.248.0/23,,,,,,
Tencent,49.51.250.0/23,,,,,,
Tencent,49.51.252.0/23,,,,,,
Tencent,49.51.254.0/23,,,,,,
Tencent,49.51.26.0/23,,,,,,
Tencent,49.51.28.0/23,,,,,,
Tencent,49.51.30.0/23,,,,,,
Tencent,49.51.32.0/21,,,,,,
Tencent,49.51.32.0/23,,,,,,
Tencent,49.51.34.0/23,,,,,,
Tencent,49.51.36.0/23,,,,,,
Tencent,49.51.38.0/23,,,,,,
Tencent,49.51.40.0/22,,,,,,
Tencent,49.51.40.0/23,,,,,,
Tencent,49.51.4.0/23,,,,,,
Tencent,49.51.42.0/23,,,,,,
Tencent,49.51.44.0/23,,,,,,
Tencent,49.51.46.0/23,,,,,,
Tencent,49.51.48.0/23,,,,,,
Tencent,49.51.50.0/23,,,,,,
Tencent,49.51.52.0/23,,,,,,
Tencent,49.51.54.0/23,,,,,,
Tencent,49.51.6.0/23,,,,,,
Tencent,49.51.62.0/23,,,,,,
Tencent,49.51.64.0/23,,,,,,
Tencent,49.51.66.0/23,,,,,,
Tencent,49.51.68.0/23,,,,,,
Tencent,49.51.70.0/23,,,,,,
Tencent,49.51.72.0/23,,,,,,
Tencent,49.51.74.0/23,,,,,,
Tencent,49.51.76.0/23,,,,,,
Tencent,49.51.78.0/23,,,,,,
Tencent,49.51.80.0/23,,,,,,
Tencent,49.51.8.0/23,,,,,,
Tencent,49.51.82.0/23,,,,,,
Tencent,49.51.84.0/23,,,,,,
Tencent,49.51.86.0/23,,,,,,
Tencent,49.51.88.0/22,,,,,,
Tencent,49.51.92.0/22,,,,,,
Tencent,49.51.96.0/22,,,,,,
Kingsoft,103.106.208.0/22,,,,,,
Kingsoft,103.106.208.0/23,,,,,,
Kingsoft,103.106.210.0/23,,,,,,
Kingsoft,103.106.211.0/24,,,,,,
Kingsoft,104.250.32.0/23,,,,,,
Kingsoft,104.250.34.0/23,,,,,,
Kingsoft,104.250.40.0/23,,,,,,
Kingsoft,104.250.42.0/23,,,,,,
Kingsoft,104.250.44.0/24,,,,,,
Kingsoft,104.250.45.0/24,,,,,,
Kingsoft,107.155.51.0/24,,,,,,
Kingsoft,107.155.52.0/23,,,,,,
Kingsoft,110.43.78.0/23,,,,,,
Kingsoft,120.131.0.0/23,,,,,,
Kingsoft,120.131.10.0/23,,,,,,
Kingsoft,120.131.12.0/23,,,,,,
Kingsoft,120.131.14.0/23,,,,,,
Kingsoft,120.131.2.0/23,,,,,,
Kingsoft,120.131.4.0/23,,,,,,
Kingsoft,120.131.6.0/23,,,,,,
Kingsoft,120.131.8.0/23,,,,,,
Kingsoft,120.92.0.0/23,,,,,,
Kingsoft,120.92.10.0/23,,,,,,
Kingsoft,120.92.104.0/21,,,,,,
Kingsoft,120.92.112.0/21,,,,,,
Kingsoft,120.92.120.0/21,,,,,,
Kingsoft,120.92.12.0/23,,,,,,
Kingsoft,120.92.128.0/21,,,,,,
Kingsoft,120.92.136.0/21,,,,,,
Kingsoft,120.92.14.0/23,,,,,,
Kingsoft,120.92.144.0/21,,,,,,
Kingsoft,120.92.152.0/21,,,,,,
Kingsoft,120.92.160.0/21,,,,,,
Kingsoft,120.92.16.0/21,,,,,,
Kingsoft,120.92.168.0/21,,,,,,
Kingsoft,120.92.176.0/21,,,,,,
Kingsoft,120.92.184.0/21,,,,,,
Kingsoft,120.92.184.0/23,,,,,,
Kingsoft,120.92.186.0/23,,,,,,
Kingsoft,120.92.192.0/23,,,,,,
Kingsoft,120.92.194.0/23,,,,,,
Kingsoft,120.92.196.0/23,,,,,,
Kingsoft,120.92.200.0/21,,,,,,
Kingsoft,120.92.2.0/23,,,,,,
Kingsoft,120.92.208.0/20,,,,,,
Kingsoft,120.92.224.0/23,,,,,,
Kingsoft,120.92.226.0/23,,,,,,
Kingsoft,120.92.228.0/23,,,,,,
Kingsoft,120.92.230.0/23,,,,,,
Kingsoft,120.92.232.0/23,,,,,,
Kingsoft,120.92.234.0/23,,,,,,
Kingsoft,120.92.236.0/23,,,,,,
Kingsoft,120.92.238.0/23,,,,,,
Kingsoft,120.92.24.0/21,,,,,,
Kingsoft,120.92.32.0/21,,,,,,
Kingsoft,120.92.40.0/21,,,,,,
Kingsoft,120.92.4.0/23,,,,,,
Kingsoft,120.92.48.0/21,,,,,,
Kingsoft,120.92.56.0/21,,,,,,
Kingsoft,120.92.6.0/23,,,,,,
Kingsoft,120.92.64.0/21,,,,,,
Kingsoft,120.92.72.0/21,,,,,,
Kingsoft,120.92.80.0/21,,,,,,
Kingsoft,120.92.8.0/23,,,,,,
Kingsoft,120.92.88.0/21,,,,,,
Kingsoft,120.92.96.0/21,,,,,,
Kingsoft,103.26.66.0/23,,,,,,
Kingsoft,110.43.0.0/22,,,,,,
Kingsoft,110.43.32.0/19,,,,,,
Kingsoft,120.92.216.0/22,,,,,,
Kingsoft,120.92.28.0/23,,,,,,
Kingsoft,120.92.37.0/24,,,,,,
Netease,202.106.186.34,,,,,,
Netease,202.108.36.[195-254],,,,,,
Netease,202.108.5.[1-254],,,,,,
Netease,202.108.9.[128-254],,,,,,
Netease,220.181.12.[1-254],,,,,,
Netease,220.181.13.[1-254],,,,,,
Netease,220.181.14.[1-254],,,,,,
Netease,220.181.15.[1-254],,,,,,
Netease,220.181.14.[250-251],,,,,,
Netease,220.181.31.[102-140],,,,,,
Netease,220.181.28.149,,,,,,
Netease,220.181.31.26,,,,,,
Netease,202.108.16.25,,,,,,
Netease,202.108.16.26,,,,,,
Netease,220.181.31.189,,,,,,
Netease,220.181.31.190,,,,,,
Netease,220.181.31.191,,,,,,
Netease,60.191.85.[1-254],,,,,,
Netease,60.12.227.[133-148],,,,,,
Chinacache,106.48.12.0/24,,,,,,
Chinacache,106.48.13.0/24,,,,,,
Chinacache,106.48.15.0/24,,,,,,
Chinacache,106.48.48.0/22,,,,,,
Chinacache,106.48.48.0/23,,,,,,
Chinacache,106.48.48.0/24,,,,,,
Chinacache,106.48.49.0/24,,,,,,
Chinacache,106.48.50.0/24,,,,,,
Chinacache,106.48.51.0/24,,,,,,
Chinacache,106.48.52.0/23,,,,,,
Chinacache,106.48.52.0/24,,,,,,
Chinacache,106.48.53.0/24,,,,,,
Chinacache,106.48.54.0/24,,,,,,
Chinacache,106.48.55.0/24,,,,,,
Chinacache,106.48.58.0/24,,,,,,
Chinacache,106.48.59.0/24,,,,,,
Chinacache,106.48.61.0/24,,,,,,
Chinacache,106.48.62.0/24,,,,,,
Chinacache,154.57.151.0/24,,,,,,
Chinacache,38.106.11.0/24,,,,,,
One Thing,103.86.88.0/24,,,,,,
One Thing,103.86.89.0/24,,,,,,
One Thing,103.86.90.0/24,,,,,,
One Thing,103.86.91.0/24,,,,,,
,,,,,,,
,,,,,,,
,,,,,,,
,,,,,,,
,,,,,,,
,,,,,,,
,,,,,,,
,,,,,,,
,,,,,,,
,,,,,,,
,,,,,,,
,,,,,,,