company_name,domain,fail_cites
FORCE AVIATION 2018 LTD,www.apcoaviation.com,"www.youtube.com: YouTube,structured-start.com: structured start: Home,straphaelsurbiton.org.uk: ST RAPHAEL'S CATHOLIC CHURCH – WE WELCOME YOU WARMLY,www.iai.co.il: IAI,www.jpost.com: The Jerusalem Post: Israel online news"
JKW FLIGHT,www.jkwuhg.de,www.planespotters.net: Planespotters
SERVICIOS AEREOS SUMA AIR LTD,www.aireuropa.com,
AIR X CHARTER LTD,www.aircharterguide.com,"www.airx.aero: AirX: Home,www.airx.aero: AirX: Home"
DUBAI AIR WING,daep.gov.ae,"www.planespotters.net: Planespotters,www.revolvy.com: Revolvy: Trending Topics"
ARIRANG AVIATION LTD,www.arirangaviation.com,
PT JHONLIN AIR TRANSPORT,www.handbook.aero,"jat-airlines.do.am: jat-airlines - Home page,aviapages.com: Aviapages.com - Tools for Business Aviation,www.ch-aviation.com: The World's leading Airline Intelligence Provider since 1998 - ch-aviation"
TDG (TRANSNATIONAL DIVERSIFIED GROUP),tdgworld.com,
SM PRIME HOLDINGS INC,smprime.com,
VEHICLE HOLDINGS LTD,www.carholdings.ca,"beta.companieshouse.gov.uk: Companies House service,beta.companieshouse.gov.uk: Companies House service,www.cn-huazhong.com: 华众控股"
PETER DAVIS,,"www.instagram.com: Instagram,www.imdb.com: IMDb: Ratings and Reviews for New Movies and TV Shows,www.sherdog.com: Sherdog.com: UFC, Mixed Martial Arts (MMA) News, Results, Fighting,www.peterdavisshetland.com: peter-davis"
PENFOLD INVESTMENTS PTY LTD,,"www.glassdoor.com: Glassdoor Job Search | Find the job that fits your life,www.hoovers.com: Hoovers,www.aus61business.com: Australia Business Directory,www.penfolds.com: Australian Wine Online | Exceptional Wine Portfolio | Penfolds ...,opencorporates.com: OpenCorporates :: The Open Database Of The Corporate World,opencorporates.com: OpenCorporates :: The Open Database Of The Corporate World"
